Date,Open,High,Low,Close,Adj Close,Volume
2023-01-03,18.18000030517578,18.350000381469727,18.059999465942383,18.229999542236328,17.755172729492188,11041400
2023-01-04,17.940000534057617,18.170000076293945,17.860000610351562,18.100000381469727,17.628557205200195,10440400
2023-01-05,17.809999465942383,17.8700008392334,17.68000030517578,17.68000030517578,17.219497680664062,6420300
2023-01-06,17.530000686645508,17.84000015258789,17.469999313354492,17.809999465942383,17.346111297607422,8915600
2023-01-09,18.09000015258789,18.239999771118164,17.989999771118164,18.0,17.53116226196289,10778100
2023-01-10,17.93000030517578,17.940000534057617,17.690000534057617,17.829999923706055,17.365591049194336,9517600
2023-01-11,17.81999969482422,18.149999618530273,17.739999771118164,18.1200008392334,17.64803695678711,9032200
2023-01-12,18.520000457763672,18.610000610351562,18.059999465942383,18.399999618530273,17.920743942260742,10853600
2023-01-13,18.389999389648438,18.579999923706055,18.239999771118164,18.520000457763672,18.03761863708496,10388700
2023-01-17,18.6200008392334,18.8799991607666,18.6200008392334,18.670000076293945,18.183712005615234,7344100
2023-01-18,18.81999969482422,18.989999771118164,18.75,18.75,18.261629104614258,6338300
2023-01-19,18.780000686645508,18.920000076293945,18.75,18.809999465942383,18.320064544677734,4594600
2023-01-20,18.68000030517578,18.829999923706055,18.59000015258789,18.780000686645508,18.290847778320312,6126200
2023-01-23,18.90999984741211,19.110000610351562,18.81999969482422,19.049999237060547,18.553813934326172,4319100
2023-01-24,18.969999313354492,19.0,18.84000015258789,18.899999618530273,18.4077205657959,7045800
2023-01-25,18.729999542236328,18.739999771118164,18.540000915527344,18.6200008392334,18.1350154876709,8245400
2023-01-26,18.690000534057617,18.959999084472656,18.59000015258789,18.940000534057617,18.446680068969727,6245500
2023-01-27,18.6200008392334,18.760000228881836,18.5,18.65999984741211,18.173973083496094,5411100
2023-01-30,18.719999313354492,18.8799991607666,18.649999618530273,18.690000534057617,18.20319175720215,8848300
2023-01-31,18.6200008392334,18.799999237060547,18.540000915527344,18.799999237060547,18.310325622558594,7983100
2023-02-01,18.8799991607666,19.139999389648438,18.770000457763672,19.020000457763672,18.524595260620117,7845700
2023-02-02,19.399999618530273,19.540000915527344,19.280000686645508,19.510000228881836,19.001832962036133,10416900
2023-02-03,19.299999237060547,19.489999771118164,19.200000762939453,19.280000686645508,18.77782440185547,5482200
2023-02-06,18.90999984741211,18.989999771118164,18.75,18.81999969482422,18.329803466796875,7774000
2023-02-07,18.68000030517578,19.06999969482422,18.68000030517578,19.030000686645508,18.53433609008789,6590600
2023-02-08,19.25,19.34000015258789,19.1299991607666,19.15999984741211,18.66094970703125,5737300
2023-02-09,19.520000457763672,19.59000015258789,19.299999237060547,19.34000015258789,18.836261749267578,4725100
2023-02-10,19.290000915527344,19.3799991607666,19.030000686645508,19.15999984741211,18.66094970703125,11739400
2023-02-13,18.889999389648438,19.049999237060547,18.860000610351562,19.020000457763672,18.524595260620117,5610000
2023-02-14,19.059999465942383,19.239999771118164,18.950000762939453,19.1200008392334,18.621992111206055,6225500
2023-02-15,19.1200008392334,19.270000457763672,19.079999923706055,19.229999542236328,18.7291259765625,8592700
2023-02-16,19.110000610351562,19.290000915527344,19.06999969482422,19.1200008392334,18.621992111206055,6542000
2023-02-17,19.010000228881836,19.1200008392334,18.950000762939453,19.079999923706055,18.583032608032227,5695200
2023-02-21,18.809999465942383,19.010000228881836,18.780000686645508,18.790000915527344,18.300588607788086,11326500
2023-02-22,18.700000762939453,18.760000228881836,18.59000015258789,18.6200008392334,18.1350154876709,7887000
2023-02-23,18.6299991607666,18.780000686645508,18.540000915527344,18.700000762939453,18.21293067932129,7433600
2023-02-24,18.469999313354492,18.5,18.260000228881836,18.329999923706055,17.852567672729492,11821700
2023-02-27,18.190000534057617,18.280000686645508,18.110000610351562,18.15999984741211,17.686994552612305,6270100
2023-02-28,18.0,18.049999237060547,17.93000030517578,17.940000534057617,17.472726821899414,7969800
2023-03-01,18.09000015258789,18.110000610351562,17.889999389648438,18.020000457763672,17.550642013549805,4293700
2023-03-02,17.84000015258789,18.09000015258789,17.790000915527344,18.09000015258789,17.618818283081055,6263000
2023-03-03,18.139999389648438,18.18000030517578,17.920000076293945,18.18000030517578,17.70647430419922,6765200
2023-03-06,18.34000015258789,18.34000015258789,18.219999313354492,18.260000228881836,17.784391403198242,7383700
2023-03-07,18.25,18.31999969482422,18.1200008392334,18.219999313354492,17.745433807373047,5435600
2023-03-08,18.229999542236328,18.229999542236328,18.06999969482422,18.15999984741211,17.686994552612305,4737800
2023-03-09,17.969999313354492,18.09000015258789,17.719999313354492,17.719999313354492,17.258455276489258,6733900
2023-03-10,17.780000686645508,17.950000762939453,17.6299991607666,17.68000030517578,17.219497680664062,6763900
2023-03-13,17.25,17.510000228881836,16.969999313354492,17.270000457763672,16.82017707824707,13321500
2023-03-14,17.209999084472656,17.469999313354492,17.200000762939453,17.329999923706055,16.87861442565918,7397600
2023-03-15,16.889999389648438,17.010000228881836,16.739999771118164,16.93000030517578,16.48903465270996,14925800
2023-03-16,16.770000457763672,17.200000762939453,16.770000457763672,17.190000534057617,16.74226188659668,7402800
2023-03-17,17.06999969482422,17.1200008392334,16.860000610351562,16.889999389648438,16.450075149536133,15611100
2023-03-20,16.899999618530273,17.040000915527344,16.84000015258789,16.93000030517578,16.48903465270996,9583200
2023-03-21,16.84000015258789,16.90999984741211,16.68000030517578,16.889999389648438,16.450075149536133,13141400
2023-03-22,16.770000457763672,16.90999984741211,16.59000015258789,16.600000381469727,16.16762924194336,8451200
2023-03-23,16.860000610351562,17.059999465942383,16.65999984741211,16.940000534057617,16.4987735748291,14192500
2023-03-24,16.75,16.809999465942383,16.649999618530273,16.799999237060547,16.36241912841797,6230000
2023-03-27,16.899999618530273,17.040000915527344,16.829999923706055,17.020000457763672,16.576688766479492,11983600
2023-03-28,16.81999969482422,16.90999984741211,16.68000030517578,16.770000457763672,16.333200454711914,9638200
2023-03-29,16.829999923706055,16.979999542236328,16.809999465942383,16.959999084472656,16.51824951171875,7848700
2023-03-30,17.110000610351562,17.139999389648438,17.020000457763672,17.139999389648438,16.693561553955078,6290700
2023-03-31,17.43000030517578,17.459999084472656,17.25,17.440000534057617,16.985750198364258,8384400
2023-04-03,17.209999084472656,17.440000534057617,17.209999084472656,17.420000076293945,16.966270446777344,8446400
2023-04-04,17.43000030517578,17.459999084472656,17.34000015258789,17.3700008392334,16.917573928833008,7522300
2023-04-05,17.389999389648438,17.440000534057617,17.239999771118164,17.329999923706055,16.87861442565918,5559700
2023-04-06,17.299999237060547,17.3700008392334,17.149999618530273,17.25,16.800697326660156,6830800
2023-04-10,17.360000610351562,17.399999618530273,17.200000762939453,17.389999389648438,16.937049865722656,9204200
2023-04-11,17.229999542236328,17.450000762939453,17.18000030517578,17.450000762939453,16.9954891204834,11708400
2023-04-12,17.709999084472656,17.799999237060547,17.010000228881836,17.06999969482422,16.62538719177246,16959200
2023-04-13,15.869999885559082,15.970000267028809,15.329999923706055,15.399999618530273,14.998884201049805,40415000
2023-04-14,15.449999809265137,15.550000190734863,15.0600004196167,15.180000305175781,14.784614562988281,26028600
2023-04-17,15.069999694824219,15.289999961853027,15.050000190734863,15.1899995803833,14.794353485107422,17173000
2023-04-18,15.170000076293945,15.1899995803833,14.9399995803833,14.960000038146973,14.570344924926758,20768400
2023-04-19,14.829999923706055,14.920000076293945,14.760000228881836,14.819999694824219,14.433990478515625,19107300
2023-04-20,14.819999694824219,14.989999771118164,14.789999961853027,14.850000381469727,14.46320915222168,16901400
2023-04-21,14.90999984741211,14.960000038146973,14.84000015258789,14.869999885559082,14.482687950134277,6908400
2023-04-24,14.819999694824219,14.859999656677246,14.710000038146973,14.819999694824219,14.433990478515625,11751900
2023-04-25,14.880000114440918,14.880000114440918,14.779999732971191,14.789999961853027,14.40477180480957,14700200
2023-04-26,14.829999923706055,14.949999809265137,14.779999732971191,14.850000381469727,14.46320915222168,11181600
2023-04-27,15.079999923706055,15.34000015258789,15.079999923706055,15.3100004196167,14.91122817993164,11606400
2023-04-28,15.260000228881836,15.550000190734863,15.260000228881836,15.539999961853027,15.135237693786621,11666200
2023-05-01,15.5,15.529999732971191,15.430000305175781,15.489999771118164,15.086539268493652,7691400
2023-05-02,15.479999542236328,15.569999694824219,15.359999656677246,15.539999961853027,15.135237693786621,10433300
2023-05-03,15.520000457763672,15.579999923706055,15.350000381469727,15.380000114440918,14.979405403137207,9372300
2023-05-04,15.380000114440918,15.449999809265137,15.289999961853027,15.300000190734863,14.901488304138184,12316300
2023-05-05,15.239999771118164,15.279999732971191,15.170000076293945,15.25,14.852790832519531,11268800
2023-05-08,15.350000381469727,15.369999885559082,15.25,15.260000228881836,14.862530708312988,12112600
2023-05-09,15.25,15.289999961853027,15.210000038146973,15.270000457763672,14.872269630432129,12613800
2023-05-10,15.270000457763672,15.34000015258789,15.180000305175781,15.300000190734863,14.901488304138184,15541600
2023-05-11,15.199999809265137,15.199999809265137,15.010000228881836,15.029999732971191,14.638521194458008,15960000
2023-05-12,15.0,15.109999656677246,14.979999542236328,15.079999923706055,14.68721866607666,10854500
2023-05-15,15.130000114440918,15.380000114440918,15.079999923706055,15.34000015258789,14.940446853637695,8921200
2023-05-16,15.25,15.279999732971191,15.100000381469727,15.109999656677246,14.716437339782715,13214600
2023-05-17,15.0,15.220000267028809,15.0,15.1899995803833,14.794353485107422,7723900
2023-05-18,15.09000015258789,15.170000076293945,15.069999694824219,15.149999618530273,14.75539493560791,9384700
2023-05-19,15.289999961853027,15.399999618530273,15.239999771118164,15.25,14.852790832519531,7362100
2023-05-22,15.489999771118164,15.729999542236328,15.470000267028809,15.649999618530273,15.242371559143066,10336400
2023-05-23,15.5600004196167,15.640000343322754,15.510000228881836,15.529999732971191,15.125497817993164,7113800
2023-05-24,15.600000381469727,15.640000343322754,15.489999771118164,15.5600004196167,15.154716491699219,6913200
2023-05-25,15.739999771118164,15.760000228881836,15.520000457763672,15.65999984741211,15.252111434936523,9303400
2023-05-26,15.8100004196167,15.9399995803833,15.789999961853027,15.869999885559082,15.456642150878906,6331800
2023-05-30,15.890000343322754,15.949999809265137,15.829999923706055,15.899999618530273,15.485860824584961,6573500
2023-05-31,15.800000190734863,16.010000228881836,15.800000190734863,15.960000038146973,15.54429817199707,9041000
2023-06-01,15.789999961853027,15.899999618530273,15.670000076293945,15.829999923706055,15.626229286193848,7995900
2023-06-02,15.710000038146973,15.869999885559082,15.699999809265137,15.800000190734863,15.5966157913208,7581500
2023-06-05,15.670000076293945,15.710000038146973,15.34000015258789,15.399999618530273,15.201764106750488,14055500
2023-06-06,15.3100004196167,15.670000076293945,15.260000228881836,15.640000343322754,15.438674926757812,12480900
2023-06-07,15.640000343322754,15.699999809265137,15.529999732971191,15.640000343322754,15.438674926757812,7357300
2023-06-08,15.569999694824219,15.649999618530273,15.390000343322754,15.4399995803833,15.241249084472656,10270800
2023-06-09,15.319999694824219,15.520000457763672,15.300000190734863,15.449999809265137,15.251120567321777,8376100
2023-06-12,15.640000343322754,15.84000015258789,15.619999885559082,15.8100004196167,15.606487274169922,9468800
2023-06-13,15.930000305175781,15.9399995803833,15.699999809265137,15.850000381469727,15.64597225189209,5843500
2023-06-14,15.800000190734863,15.890000343322754,15.489999771118164,15.5600004196167,15.359704971313477,15595900
2023-06-15,15.470000267028809,15.65999984741211,15.40999984741211,15.619999885559082,15.41893196105957,9532800
2023-06-16,15.739999771118164,15.859999656677246,15.640000343322754,15.829999923706055,15.626229286193848,18245500
2023-06-20,15.8100004196167,15.84000015258789,15.569999694824219,15.640000343322754,15.438674926757812,7622000
2023-06-21,15.359999656677246,15.4399995803833,15.119999885559082,15.390000343322754,15.191893577575684,15032000
2023-06-22,15.210000038146973,15.510000228881836,15.180000305175781,15.470000267028809,15.27086353302002,11712900
2023-06-23,15.239999771118164,15.270000457763672,15.149999618530273,15.199999809265137,15.004338264465332,8481500
2023-06-26,15.3100004196167,15.539999961853027,15.300000190734863,15.5,15.300477027893066,8509100
2023-06-27,15.609999656677246,15.640000343322754,15.460000038146973,15.619999885559082,15.41893196105957,7913600
2023-06-28,15.680000305175781,15.770000457763672,15.550000190734863,15.75,15.547258377075195,7520300
2023-06-29,15.779999732971191,15.920000076293945,15.6899995803833,15.899999618530273,15.695327758789062,7992900
2023-06-30,16.170000076293945,16.260000228881836,16.020000457763672,16.06999969482422,15.863139152526855,12763900
2023-07-03,16.190000534057617,16.299999237060547,16.049999237060547,16.139999389648438,15.93223762512207,7111800
2023-07-05,16.149999618530273,16.3700008392334,16.1299991607666,16.260000228881836,16.05069351196289,13415500
2023-07-06,16.139999389648438,16.18000030517578,16.0,16.06999969482422,15.863139152526855,6464100
2023-07-07,16.0,16.18000030517578,16.0,16.049999237060547,15.843396186828613,5207600
2023-07-10,16.040000915527344,16.06999969482422,15.979999542236328,16.010000228881836,15.803912162780762,6775000
2023-07-11,16.260000228881836,16.280000686645508,16.149999618530273,16.239999771118164,16.03095054626465,7631500
2023-07-12,16.260000228881836,16.290000915527344,16.030000686645508,16.06999969482422,15.863139152526855,7102600
2023-07-13,16.579999923706055,16.850000381469727,16.579999923706055,16.790000915527344,16.573871612548828,13295300
2023-07-14,17.15999984741211,17.200000762939453,16.989999771118164,17.040000915527344,16.820653915405273,11539700
2023-07-17,17.049999237060547,17.309999465942383,17.030000686645508,17.290000915527344,17.06743621826172,12658400
2023-07-18,17.799999237060547,18.139999389648438,17.760000228881836,17.8799991607666,17.649839401245117,25346100
2023-07-19,17.809999465942383,17.950000762939453,17.639999389648438,17.709999084472656,17.482027053833008,21117700
2023-07-20,16.0,16.219999313354492,15.329999923706055,16.219999313354492,16.011207580566406,39518000
2023-07-21,16.190000534057617,16.469999313354492,16.09000015258789,16.299999237060547,16.090177536010742,15267400
2023-07-24,16.299999237060547,16.34000015258789,16.170000076293945,16.219999313354492,16.011207580566406,10331400
2023-07-25,16.229999542236328,16.440000534057617,16.229999542236328,16.3799991607666,16.169147491455078,7717900
2023-07-26,16.399999618530273,16.670000076293945,16.399999618530273,16.6200008392334,16.40606117248535,10006100
2023-07-27,16.639999389648438,16.780000686645508,16.610000610351562,16.6299991607666,16.415929794311523,11839800
2023-07-28,16.360000610351562,16.479999542236328,16.190000534057617,16.459999084472656,16.248119354248047,9072200
2023-07-31,16.6200008392334,16.75,16.600000381469727,16.65999984741211,16.445545196533203,6604000
2023-08-01,16.719999313354492,16.84000015258789,16.649999618530273,16.799999237060547,16.583742141723633,7462200
2023-08-02,16.540000915527344,16.600000381469727,16.43000030517578,16.520000457763672,16.307348251342773,11896400
2023-08-03,16.520000457763672,16.559999465942383,16.440000534057617,16.510000228881836,16.297475814819336,10134400
2023-08-04,16.68000030517578,16.8799991607666,16.639999389648438,16.709999084472656,16.49489974975586,7012200
2023-08-07,16.8799991607666,16.889999389648438,16.709999084472656,16.780000686645508,16.564001083374023,5533700
2023-08-08,16.700000762939453,16.770000457763672,16.579999923706055,16.770000457763672,16.554128646850586,6330600
2023-08-09,16.809999465942383,16.850000381469727,16.6299991607666,16.709999084472656,16.49489974975586,7998100
2023-08-10,16.780000686645508,17.0,16.780000686645508,16.8700008392334,16.652841567993164,9033300
2023-08-11,16.610000610351562,16.700000762939453,16.559999465942383,16.68000030517578,16.465288162231445,6831100
2023-08-14,16.799999237060547,16.950000762939453,16.739999771118164,16.860000610351562,16.64297103881836,5407200
2023-08-15,16.770000457763672,17.18000030517578,16.770000457763672,17.1299991607666,16.909494400024414,13343900
2023-08-16,17.209999084472656,17.309999465942383,17.06999969482422,17.1299991607666,16.909494400024414,8748900
2023-08-17,17.170000076293945,17.170000076293945,16.950000762939453,16.969999313354492,16.751554489135742,6166600
2023-08-18,16.709999084472656,16.760000228881836,16.600000381469727,16.719999313354492,16.504772186279297,5445600
2023-08-21,16.90999984741211,16.950000762939453,16.739999771118164,16.8799991607666,16.66271209716797,6993300
2023-08-22,16.959999084472656,17.100000381469727,16.940000534057617,16.989999771118164,16.771297454833984,4037600
2023-08-23,17.079999923706055,17.290000915527344,17.079999923706055,17.270000457763672,17.047693252563477,6097000
2023-08-24,17.299999237060547,17.34000015258789,17.09000015258789,17.1299991607666,16.909494400024414,4708800
2023-08-25,17.18000030517578,17.309999465942383,17.059999465942383,17.25,17.027950286865234,4662000
2023-08-28,17.260000228881836,17.399999618530273,17.25,17.329999923706055,17.10692024230957,5356600
2023-08-29,17.280000686645508,17.43000030517578,17.260000228881836,17.420000076293945,17.195762634277344,7928100
2023-08-30,17.469999313354492,17.59000015258789,17.450000762939453,17.549999237060547,17.324087142944336,4613400
2023-08-31,17.5,17.56999969482422,17.360000610351562,17.3700008392334,17.146406173706055,6511500
2023-09-01,17.520000457763672,17.579999923706055,17.450000762939453,17.520000457763672,17.294475555419922,5315100
2023-09-05,17.81999969482422,17.950000762939453,17.760000228881836,17.770000457763672,17.541255950927734,5746400
2023-09-06,17.690000534057617,17.75,17.549999237060547,17.579999923706055,17.353702545166016,5049300
2023-09-07,17.549999237060547,17.600000381469727,17.479999542236328,17.520000457763672,17.294475555419922,5920700
2023-09-08,17.6200008392334,17.760000228881836,17.579999923706055,17.75,17.521512985229492,5796800
2023-09-11,17.84000015258789,17.950000762939453,17.739999771118164,17.950000762939453,17.71894073486328,5196600
2023-09-12,18.040000915527344,18.18000030517578,18.010000228881836,18.059999465942383,17.82752227783203,6680000
2023-09-13,18.040000915527344,18.049999237060547,17.93000030517578,18.0,17.768295288085938,4102400
2023-09-14,18.110000610351562,18.18000030517578,18.030000686645508,18.110000610351562,17.876880645751953,2914100
2023-09-15,18.079999923706055,18.1299991607666,17.700000762939453,17.75,17.521512985229492,16969900
2023-09-18,17.75,17.8799991607666,17.709999084472656,17.760000228881836,17.53138542175293,3944300
2023-09-19,17.739999771118164,17.81999969482422,17.690000534057617,17.790000915527344,17.56100082397461,3171400
2023-09-20,17.959999084472656,18.110000610351562,17.8799991607666,17.889999389648438,17.659711837768555,4888100
2023-09-21,17.90999984741211,17.969999313354492,17.739999771118164,17.739999771118164,17.511642456054688,5630200
2023-09-22,17.889999389648438,17.950000762939453,17.739999771118164,17.780000686645508,17.551128387451172,5319300
2023-09-25,17.559999465942383,17.68000030517578,17.40999984741211,17.610000610351562,17.383316040039062,4992900
2023-09-26,17.43000030517578,17.5,17.25,17.270000457763672,17.047693252563477,5946500
2023-09-27,17.420000076293945,17.510000228881836,17.329999923706055,17.440000534057617,17.215505599975586,10292100
2023-09-28,17.040000915527344,17.149999618530273,16.719999313354492,16.959999084472656,16.741682052612305,18047500
2023-09-29,17.1299991607666,17.290000915527344,17.049999237060547,17.110000610351562,16.889753341674805,9559900
2023-10-02,17.030000686645508,17.190000534057617,17.030000686645508,17.18000030517578,16.958850860595703,4529900
2023-10-03,17.09000015258789,17.239999771118164,16.979999542236328,17.0,16.78116798400879,6775000
2023-10-04,17.190000534057617,17.450000762939453,17.15999984741211,17.440000534057617,17.215505599975586,7318800
2023-10-05,17.520000457763672,17.649999618530273,17.459999084472656,17.610000610351562,17.383316040039062,5069500
2023-10-06,17.59000015258789,17.860000610351562,17.540000915527344,17.790000915527344,17.56100082397461,5476600
2023-10-09,17.579999923706055,17.799999237060547,17.530000686645508,17.75,17.521512985229492,8642700
2023-10-10,17.850000381469727,18.0,17.780000686645508,17.850000381469727,17.620227813720703,11060900
2023-10-11,17.860000610351562,17.93000030517578,17.549999237060547,17.610000610351562,17.383316040039062,15897100
2023-10-12,16.399999618530273,16.889999389648438,16.209999084472656,16.459999084472656,16.248119354248047,26816400
2023-10-13,16.84000015258789,17.190000534057617,16.770000457763672,16.899999618530273,16.68245506286621,13208800
2023-10-16,16.969999313354492,17.299999237060547,16.969999313354492,17.209999084472656,16.98846435546875,7474100
2023-10-17,17.09000015258789,17.399999618530273,17.09000015258789,17.350000381469727,17.126663208007812,7210500
2023-10-18,17.18000030517578,17.280000686645508,17.100000381469727,17.139999389648438,16.91936492919922,6115500
2023-10-19,17.09000015258789,17.260000228881836,17.06999969482422,17.09000015258789,16.870010375976562,4830900
2023-10-20,17.0,17.18000030517578,16.93000030517578,16.969999313354492,16.751554489135742,5910200
2023-10-23,16.760000228881836,17.010000228881836,16.709999084472656,16.780000686645508,16.564001083374023,8505800
2023-10-24,16.670000076293945,16.81999969482422,16.649999618530273,16.780000686645508,16.780000686645508,5602500
2023-10-25,16.459999084472656,16.530000686645508,16.3700008392334,16.3799991607666,16.3799991607666,4727100
2023-10-26,16.389999389648438,16.469999313354492,16.270000457763672,16.31999969482422,16.31999969482422,6991300
2023-10-27,16.510000228881836,16.610000610351562,16.399999618530273,16.440000534057617,16.440000534057617,5591700
2023-10-30,16.5,16.559999465942383,16.389999389648438,16.5,16.5,5559700
2023-10-31,16.40999984741211,16.510000228881836,16.31999969482422,16.420000076293945,16.420000076293945,4663500
2023-11-01,16.299999237060547,16.40999984741211,16.270000457763672,16.399999618530273,16.399999618530273,5943300
2023-11-02,16.6200008392334,16.739999771118164,16.549999237060547,16.690000534057617,16.690000534057617,9262500
2023-11-03,16.799999237060547,16.850000381469727,16.670000076293945,16.68000030517578,16.68000030517578,8673700
2023-11-06,16.799999237060547,16.8700008392334,16.719999313354492,16.860000610351562,16.860000610351562,3979000
2023-11-07,16.799999237060547,16.850000381469727,16.709999084472656,16.790000915527344,16.790000915527344,2875500
2023-11-08,16.68000030517578,16.729999542236328,16.6200008392334,16.670000076293945,16.670000076293945,3314000
2023-11-09,16.540000915527344,16.579999923706055,16.34000015258789,16.360000610351562,16.360000610351562,7329500
2023-11-10,16.399999618530273,16.68000030517578,16.3799991607666,16.6299991607666,16.6299991607666,5099500
2023-11-13,16.450000762939453,16.610000610351562,16.420000076293945,16.549999237060547,16.549999237060547,4579800
2023-11-14,16.75,16.989999771118164,16.729999542236328,16.920000076293945,16.920000076293945,6902000
2023-11-15,16.969999313354492,17.360000610351562,16.969999313354492,17.360000610351562,17.360000610351562,10004100
2023-11-16,17.450000762939453,17.510000228881836,17.270000457763672,17.270000457763672,17.270000457763672,5859600
2023-11-17,17.309999465942383,17.520000457763672,17.270000457763672,17.510000228881836,17.510000228881836,4249400
2023-11-20,17.40999984741211,17.579999923706055,17.3700008392334,17.540000915527344,17.540000915527344,5052400
2023-11-21,17.469999313354492,17.549999237060547,17.40999984741211,17.440000534057617,17.440000534057617,4702200
2023-11-22,17.639999389648438,17.68000030517578,17.5,17.579999923706055,17.579999923706055,5435700
2023-11-24,17.389999389648438,17.469999313354492,17.290000915527344,17.469999313354492,17.469999313354492,2743400
2023-11-27,17.34000015258789,17.420000076293945,17.270000457763672,17.3700008392334,17.3700008392334,3757400
2023-11-28,17.3700008392334,17.670000076293945,17.34000015258789,17.6299991607666,17.6299991607666,6783900
2023-11-29,17.739999771118164,17.75,17.600000381469727,17.6200008392334,17.6200008392334,6039100
2023-11-30,17.610000610351562,17.690000534057617,17.469999313354492,17.549999237060547,17.549999237060547,5541400
2023-12-01,17.469999313354492,17.75,17.43000030517578,17.729999542236328,17.729999542236328,4766000
2023-12-04,17.84000015258789,17.8799991607666,17.639999389648438,17.690000534057617,17.690000534057617,5588600
2023-12-05,17.59000015258789,17.709999084472656,17.389999389648438,17.459999084472656,17.459999084472656,5016100
2023-12-06,17.799999237060547,17.860000610351562,17.65999984741211,17.690000534057617,17.690000534057617,6891300
2023-12-07,17.670000076293945,17.709999084472656,17.579999923706055,17.639999389648438,17.639999389648438,3340000
2023-12-08,17.889999389648438,17.93000030517578,17.739999771118164,17.889999389648438,17.889999389648438,4581100
2023-12-11,17.809999465942383,17.889999389648438,17.31999969482422,17.40999984741211,17.40999984741211,8516800
2023-12-12,17.5,17.559999465942383,17.34000015258789,17.549999237060547,17.549999237060547,5521000
2023-12-13,17.389999389648438,17.469999313354492,17.290000915527344,17.469999313354492,17.469999313354492,9025600
2023-12-14,18.0,18.469999313354492,17.959999084472656,18.3700008392334,18.3700008392334,14029200
2023-12-15,18.93000030517578,18.979999542236328,18.6299991607666,18.670000076293945,18.670000076293945,8252300
2023-12-18,18.690000534057617,18.850000381469727,18.549999237060547,18.799999237060547,18.799999237060547,4898200
2023-12-19,18.68000030517578,18.950000762939453,18.68000030517578,18.790000915527344,18.790000915527344,5257800
2023-12-20,18.530000686645508,18.68000030517578,18.420000076293945,18.420000076293945,18.420000076293945,6181000
2023-12-21,18.5,18.559999465942383,18.18000030517578,18.40999984741211,18.40999984741211,7763900
2023-12-22,18.700000762939453,18.889999389648438,18.639999389648438,18.760000228881836,18.760000228881836,7018100
2023-12-26,18.639999389648438,18.670000076293945,18.3700008392334,18.450000762939453,18.450000762939453,3866200
2023-12-27,18.639999389648438,18.68000030517578,18.450000762939453,18.600000381469727,18.600000381469727,4338000
2023-12-28,18.610000610351562,18.68000030517578,18.530000686645508,18.559999465942383,18.559999465942383,3308700
2023-12-29,18.5,18.530000686645508,18.31999969482422,18.3799991607666,18.3799991607666,2864800
2024-01-02,18.239999771118164,18.280000686645508,18.020000457763672,18.079999923706055,18.079999923706055,8963600
2024-01-03,17.559999465942383,18.059999465942383,17.549999237060547,18.040000915527344,18.040000915527344,12408800
2024-01-04,18.200000762939453,18.270000457763672,18.010000228881836,18.06999969482422,18.06999969482422,6707600
2024-01-05,18.25,18.31999969482422,18.06999969482422,18.100000381469727,18.100000381469727,10479200
2024-01-08,18.100000381469727,18.420000076293945,18.09000015258789,18.399999618530273,18.399999618530273,7538600
2024-01-09,18.350000381469727,18.420000076293945,18.209999084472656,18.25,18.25,6106100
2024-01-10,18.280000686645508,18.309999465942383,17.979999542236328,18.100000381469727,18.100000381469727,13572600
2024-01-11,18.639999389648438,19.139999389648438,18.6299991607666,18.81999969482422,18.81999969482422,17927300
2024-01-12,19.40999984741211,20.059999465942383,19.40999984741211,19.600000381469727,19.600000381469727,21182400
2024-01-16,19.389999389648438,19.56999969482422,19.209999084472656,19.469999313354492,19.469999313354492,13410000
2024-01-17,19.559999465942383,19.709999084472656,19.469999313354492,19.540000915527344,19.540000915527344,11273100
2024-01-18,19.81999969482422,19.959999084472656,19.649999618530273,19.829999923706055,19.829999923706055,9891800
2024-01-19,19.799999237060547,20.030000686645508,19.729999542236328,19.989999771118164,19.989999771118164,7921000
2024-01-22,19.93000030517578,20.0,19.84000015258789,19.8700008392334,19.8700008392334,5823300
2024-01-23,19.700000762939453,19.950000762939453,19.610000610351562,19.790000915527344,19.790000915527344,8984900
2024-01-24,20.100000381469727,20.18000030517578,19.959999084472656,19.989999771118164,19.989999771118164,10476100
2024-01-25,20.0,20.15999984741211,19.860000610351562,20.09000015258789,20.09000015258789,7290500
2024-01-26,20.15999984741211,20.3700008392334,20.1200008392334,20.219999313354492,20.219999313354492,5696300
2024-01-29,20.149999618530273,20.170000076293945,20.06999969482422,20.170000076293945,20.170000076293945,5283800
2024-01-30,20.030000686645508,20.06999969482422,19.860000610351562,19.950000762939453,19.950000762939453,6409700
2024-01-31,20.040000915527344,20.149999618530273,19.850000381469727,19.860000610351562,19.860000610351562,6594300
2024-02-01,19.860000610351562,20.219999313354492,19.829999923706055,20.190000534057617,20.190000534057617,8251300
2024-02-02,20.329999923706055,20.489999771118164,20.200000762939453,20.350000381469727,20.350000381469727,6117900
2024-02-05,20.31999969482422,20.350000381469727,20.200000762939453,20.299999237060547,20.299999237060547,3604800
2024-02-06,20.649999618530273,20.739999771118164,20.5,20.610000610351562,20.610000610351562,7549400
2024-02-07,20.309999465942383,20.479999542236328,20.1299991607666,20.43000030517578,20.43000030517578,5739100
2024-02-08,20.43000030517578,20.510000228881836,20.170000076293945,20.190000534057617,20.190000534057617,6885700
2024-02-09,20.149999618530273,20.25,20.049999237060547,20.100000381469727,20.100000381469727,5895300
2024-02-12,20.09000015258789,20.239999771118164,20.09000015258789,20.139999389648438,20.139999389648438,4253200
2024-02-13,19.920000076293945,20.010000228881836,19.809999465942383,19.860000610351562,19.860000610351562,6914100
2024-02-14,20.059999465942383,20.200000762939453,19.989999771118164,20.18000030517578,20.18000030517578,7591100
2024-02-15,20.270000457763672,20.329999923706055,20.190000534057617,20.309999465942383,20.309999465942383,5247500
2024-02-16,20.350000381469727,20.579999923706055,20.260000228881836,20.469999313354492,20.469999313354492,5516600
2024-02-20,20.280000686645508,20.399999618530273,19.989999771118164,20.020000457763672,20.020000457763672,7587200
2024-02-21,19.790000915527344,19.940000534057617,19.68000030517578,19.780000686645508,19.780000686645508,6192500
2024-02-22,20.200000762939453,20.360000610351562,20.139999389648438,20.309999465942383,20.309999465942383,6590200
2024-02-23,20.209999084472656,20.260000228881836,20.100000381469727,20.110000610351562,20.110000610351562,4228200
2024-02-26,19.93000030517578,20.030000686645508,19.829999923706055,19.989999771118164,19.989999771118164,5145700
2024-02-27,19.979999542236328,20.059999465942383,19.93000030517578,20.0,20.0,2751500
2024-02-28,19.950000762939453,19.959999084472656,19.809999465942383,19.950000762939453,19.950000762939453,4344500
